INSERT INTO `fournisseur` (Id_Fournisseur_P_C_A, Nom_Fournisseur_VC, Email_VC, Numero_Telephone_VC, Web_Site_VC,
                           Code_Postal_N, Code_Commune_N, Adresse_Nom_Rue_VC, Numero_Batiment_N, Nom_Ville_VC, Statut_B)
VALUES ('0f99efcf-3e5b-475b-9ac0-d5f94bd0aed9', 'Vins de France', 'contact@vinsdefrance.com', '0123456789',
        'https://www.vinsdefrance.com',
        75001, 101, 'Rue des Grands Crus', 12, 'Paris', 1),
       ('853c08a8-ea40-46ea-b46f-669bca295fe3', 'Domaine du Soleil', 'info@domaine-soleil.fr', '0145678910',
        'https://www.domaine-soleil.fr',
        33000, 202, 'Avenue des Vignes', 5, 'Bordeaux', 1),
       ('c1daf55f-9af1-4257-9775-707fbf4c0cb3', 'Château Prestige', 'contact@chateau-prestige.com', '0176543210',
        'https://www.chateau-prestige.com',
        21000, 303, 'Rue du Terroir', 8, 'Dijon', 1),
       ('c4df041f-9920-423f-a3dc-ed1a7a8c2e10', 'Les Caves du Rhône', 'contact@cavesdurhone.fr', '0187654321',
        'https://www.cavesdurhone.fr',
        69002, 404, 'Boulevard des Sommeliers', 23, 'Lyon', 1),
       ('b702f28d-4bba-4a6e-9ef1-b48c5df85bde', 'Maison des Crus', 'service@maisondescrus.com', '0198765432',
        'https://www.maisondescrus.com',
        67000, 505, 'Place des Cépages', 15, 'Strasbourg', 1),
       ('26b82f40-0527-459f-ba71-9efd31f7d190', 'Domaine de la Vallée', 'info@domainedelavallee.fr', '0234567890',
        'https://www.domainedelavallee.fr',
        84000, 606, 'Chemin des Vignerons', 2, 'Avignon', 1),
       ('9229fb5e-83fc-451a-ae68-1af46dad3ab6', 'Château Excellence', 'contact@chateau-excellence.com', '0345678901',
        'https://www.chateau-excellence.com',
        13100, 707, 'Allée des Grands Crus', 9, 'Aix-en-Provence', 1),
       ('b61ea7a3-46a3-4583-a982-3677dd072021', 'Les Vins Authentiques', 'contact@vinsauthentiques.fr', '0456789012',
        'https://www.vinsauthentiques.fr',
        44000, 808, 'Route des Vignobles', 14, 'Nantes', 1),
       ('426365f5-bf81-4cba-b2b4-36e8e51ab97d', 'Domaine du Terroir', 'info@domaine-terroir.com', '0567890123',
        'https://www.domaine-terroir.com',
        56000, 909, 'Impasse des Chais', 7, 'Vannes', 1),
       ('7d2cfc0f-fff5-4616-965c-978105aa10da', 'Caviste Élégance', 'service@caviste-elegance.com', '0678901234',
        'https://www.caviste-elegance.com',
        31000, 1010, 'Cours des Sommeliers', 3, 'Toulouse', 1),
       ('1bf3de63-d31d-4d57-a616-16f94b3d5979', 'Vins et Tradition', 'contact@vinsettradition.com', '0789012345',
        'https://www.vinsettradition.com',
        13000, 1111, 'Rue du Millésime', 10, 'Marseille', 1),
       ('e3b3f5fb-1f70-4972-ba29-144f9f90e5bd', 'Les Vins du Monde', 'info@lesvinsdumonde.com', '0890123456',
        'https://www.lesvinsdumonde.com',
        92000, 1212, 'Avenue de la Dégustation', 6, 'Nanterre', 1),
       ('5bd82b6c-1f5f-49c7-8f80-cf0cb2e1e8c0', 'Château Belle Vue', 'contact@chateaubellevue.com', '0901234567',
        'https://www.chateaubellevue.com',
        74000, 1313, 'Chemin des Sommets', 4, 'Annecy', 1),
       ('b1ce14bb-d698-4a93-b944-205f5adc6a1f', 'Domaine des Vignes d’Or', 'contact@vignesdor.com', '0912345678',
        'https://www.vignesdor.com',
        57000, 1414, 'Esplanade des Crus', 11, 'Metz', 1),
       ('daa3cab8-d105-4e57-8bec-db59c58ef9fa', 'Château Grand Vin', 'info@chateaugrandvin.com', '0923456789',
        'https://www.chateaugrandvin.com',
        59000, 1515, 'Route des Vendanges', 1, 'Lille', 1),
       ('a0aecc13-8e35-496d-8811-e1a9a1b6cbd2', 'Terroir et Passion', 'info@terroiretpassion.com', '0934567890',
        'https://www.terroiretpassion.com',
        78000, 1616, 'Passage des Vignerons', 13, 'Versailles', 1),
       ('714ead8d-0109-47ed-b8d4-fe65a612fddc', 'La Cave de Paris', 'contact@lacavedeparis.com', '0945678901',
        'https://www.lacavedeparis.com',
        75002, 1717, 'Rue des Connaisseurs', 22, 'Paris', 1),
       ('07164322-0f36-441a-a00a-4d50662440f6', 'Grands Crus Sélection', 'info@grandscrusselection.com', '0956789012',
        'https://www.grandscrusselection.com',
        69003, 1818, 'Allée des Experts', 17, 'Lyon', 1),
       ('a48dbdeb-6431-4972-be9d-2181fc3719c1', 'Vins & Co', 'service@vinsetco.com', '0967890123',
        'https://www.vinsetco.com',
        33001, 1919, 'Boulevard des Sommeliers', 19, 'Bordeaux', 1),
       ('528f3011-afac-4653-8ec7-6b676fbf2aa9', 'Domaine Prestige', 'info@domaineprestige.com', '0978901234',
        'https://www.domaineprestige.com',
        06000, 2020, 'Rue de la Dégustation', 21, 'Nice', 1);

INSERT INTO `categorie` (`Id_Categorie_P_C_A`, `Nom_Categorie_VC`, `Active_B`)
VALUES ('1a818b67-3eb6-4555-a4cd-ea6ccfcc67e9', 'Bordeaux', 1),
       ('fd457394-9cb0-4495-89ea-2bb7806ad33f', 'Bourgogne', 1),
       ('c6df44d2-9982-4262-8516-9bebcb34a18e', 'Syrah', 1),
       ('a9011e6e-ac77-4ca7-b8fe-6e44adf353d9', 'Merlot', 1),
       ('8dfd190a-c710-4078-876e-734d4e071f6b', 'Cabernet Sauvignon', 1),
       ('e50c3a84-1340-4cee-b804-23580ee19c6f', 'Pinot Noir', 1),
       ('598d225c-ad4e-4efb-b801-b298c74d2abc', 'Malbec', 1),
       ('b51f42ad-9436-4f62-838e-d78727ebeeb9', 'Grenache', 1),
       ('6e503936-74d6-4c3a-ac15-2b7e7b7157ef', 'Zinfandel', 1),
       ('b89ce778-0d24-4ebd-bac9-59ac782f023f', 'Tempranillo', 1),
       ('2f5c0084-86f9-4e77-bfde-8bada2169487', 'Chardonnay', 1),
       ('0219e3de-d35d-425f-9dcd-8470c581920b', 'Sauvignon Blanc', 1),
       ('a8c5420e-1f22-4864-bc88-baf755d09fb6', 'Riesling', 1),
       ('2ebefebd-14fb-4fec-9431-e737860f57de', 'Chenin Blanc', 1),
       ('d3429c6d-b178-4ce0-ab3c-315a3da66040', 'Viognier', 1),
       ('40c21117-f99d-425f-ab05-097549fb1409', 'Pinot Gris / Pinot Grigio', 1),
       ('fba47db4-3fab-4b39-8abe-c79043091f88', 'Muscat (Moscato)', 1),
       ('b5f7ce00-27e5-4b1d-996e-e9f1c36e7554', 'Gewurztraminer', 1),
       ('c24fecf4-2d83-4790-b575-cdcda78fb7f1', 'Sémillon', 1),
       ('1d3043d2-b750-4a9c-a55f-bdee8651a3bb', 'Albariño', 1),
       ('cb994e3c-c399-4fde-96f6-241c0533bead', 'Côtes de Provence', 1),
       ('8296d77d-bede-4621-9d76-6639d55e069a', 'Tavel', 1),
       ('60c03556-ab82-4e81-8c00-102823992e7f', 'Rosé d’Anjou', 1),
       ('597d4444-00d6-4b2d-98ad-7b3442f00ccf', 'Pinot Noir rosé', 1),
       ('fff1f1f2-404d-4c0a-a6c4-6124e8095b26', 'Grenache rosé', 1),
       ('ccb07666-b378-40e4-a057-cd6da82d8906', 'Champagne', 1),
       ('c1ffcd31-dee0-49d0-a660-5c1b0abeea29', 'Crémant', 1),
       ('bc157796-a60d-4967-9e36-9387588d9555', 'Prosecco', 1),
       ('5e971b36-30b1-4ae2-ab7b-587a4df5f219', 'Cava', 1),
       ('fd18f080-7aef-4369-92d6-e445146e7732', 'Sauternes', 1);

INSERT INTO `article` (Id_Article_P_C_A, Id_Categorie_F_C, Reference_Article_VC, Nom_Article_VC, Quantite_Disponible_I,
                       Quantite_Stockage_Minimum_I, Quantite_Previsionnelle_I, Description_Article_VC,
                       Photo_Reference_VC, Actif_B, Id_Fournisseur_F_C,
                       Reference_Fournisseur_VC)
VALUES ('d2e9d19e-49f6-4a78-90a6-97b154a6b9c1', '1a818b67-3eb6-4555-a4cd-ea6ccfcc67e9', 'REF001',
        'Château Margaux 2015', 50, 5, 50,
        'Un grand cru classé de Bordeaux, millésime 2015.', '', 1,
        '0f99efcf-3e5b-475b-9ac0-d5f94bd0aed9', 'F001'),
       ('a4c31267-08c3-4b1e-bb0b-7621be84e4a1', 'fd457394-9cb0-4495-89ea-2bb7806ad33f', 'REF002',
        'Domaine de la Romanée-Conti 2018', 10, 2, 10,
        'Un vin d’exception en Bourgogne, millésime 2018.', '', 1,
        '853c08a8-ea40-46ea-b46f-669bca295fe3', 'F002'),
       ('f1b7a73b-07f3-46de-a89f-79f3038ecfd2', 'c6df44d2-9982-4262-8516-9bebcb34a18e', 'REF003', 'Château Latour 2016',
        30, 4, 30,
        'Un Pauillac puissant et structuré, millésime 2016.', '', 1,
        'c1daf55f-9af1-4257-9775-707fbf4c0cb3', 'F003'),
       ('b0b21ecb-7315-4d79-92b4-601537f32e12', 'a9011e6e-ac77-4ca7-b8fe-6e44adf353d9', 'REF004',
        'Château d’Yquem 2012', 25, 3, 25,
        'Un Sauternes liquoreux de légende, millésime 2012.', '', 1,
        'c4df041f-9920-423f-a3dc-ed1a7a8c2e10', 'F004'),
       ('c3f1b893-9b42-41a3-872d-b59b9b5f6d9d', '8dfd190a-c710-4078-876e-734d4e071f6b', 'REF005',
        'Clos Vougeot Grand Cru 2019', 15, 2, 15,
        'Un grand cru élégant de Bourgogne, millésime 2019.', '', 1,
        'b702f28d-4bba-4a6e-9ef1-b48c5df85bde', 'F005'),
       ('a7d9bb4d-8d4e-40b2-90d5-7fc39a1f1a24', 'e50c3a84-1340-4cee-b804-23580ee19c6f', 'REF006', 'Dom Pérignon 2012',
        40, 6, 40,
        'Un champagne millésimé prestigieux, parfait pour les grandes occasions.', '', 1,
        '26b82f40-0527-459f-ba71-9efd31f7d190', 'F006'),
       ('e4f0de5b-6cfc-4cf0-b382-4a4cbbd1e79b', '598d225c-ad4e-4efb-b801-b298c74d2abc', 'REF007',
        'Riesling Grand Cru 2017', 35, 4, 35,
        'Un vin blanc sec et minéral d’Alsace, millésime 2017.', '', 1,
        '9229fb5e-83fc-451a-ae68-1af46dad3ab6', 'F007'),
       ('5f4bd898-f7b5-40b5-b02e-c4e9429798f3', 'b51f42ad-9436-4f62-838e-d78727ebeeb9', 'REF008',
        'Châteauneuf-du-Pape 2018', 60, 7, 60,
        'Un vin rouge puissant et épicé du Rhône, millésime 2018.', '', 1,
        'b61ea7a3-46a3-4583-a982-3677dd072021', 'F008'),
       ('c7c1f991-3d97-4c55-8713-f51fd2c9e285', '6e503936-74d6-4c3a-ac15-2b7e7b7157ef', 'REF009',
        'Gewurztraminer Vendanges Tardives 2015', 20, 3, 20,
        'Un vin blanc moelleux et aromatique d’Alsace, millésime 2015.', '', 1,
        '426365f5-bf81-4cba-b2b4-36e8e51ab97d', 'F009'),
       ('b3d9f59f-2d6c-471d-b77b-9d515e9fd8f7', 'b89ce778-0d24-4ebd-bac9-59ac782f023f', 'REF010',
        'Beaujolais Nouveau 2023', 100, 10, 100,
        'Un vin primeur léger et fruité.', '', 1, '7d2cfc0f-fff5-4616-965c-978105aa10da', 'F010'),
       ('5dcb1738-95ea-42c3-b5a5-dc54b8b4f6b9', '2f5c0084-86f9-4e77-bfde-8bada2169487', 'REF011',
        'Saint-Émilion Grand Cru 2017', 45, 5, 45,
        'Un Bordeaux raffiné, idéal pour les repas gastronomiques.', '', 1,
        '1bf3de63-d31d-4d57-a616-16f94b3d5979', 'F011'),
       ('a2c541fb-7f41-4a6b-88cf-c73dbb8e7921', '0219e3de-d35d-425f-9dcd-8470c581920b', 'REF012', 'Pouilly-Fumé 2019',
        50, 5, 50,
        'Un vin blanc de Loire aux notes minérales et florales.', '', 1,
        'e3b3f5fb-1f70-4972-ba29-144f9f90e5bd', 'F012'),
       ('f04f349e-9b63-42d4-98b7-83f907b71eac', 'a8c5420e-1f22-4864-bc88-baf755d09fb6', 'REF013', 'Côtes-du-Rhône 2020',
        70, 8, 70,
        'Un rouge équilibré, parfait pour accompagner les viandes grillées.', '', 1,
        '5bd82b6c-1f5f-49c7-8f80-cf0cb2e1e8c0', 'F013');

INSERT INTO prix_historique (id_prix_historique_p_c_a, prix_n, taux_tva_n, horodatage_creation_tt, id_article_f_c)
VALUES (1, 50.00, 5.00, '2025-02-08 09:00:00', 'd2e9d19e-49f6-4a78-90a6-97b154a6b9c1'),
       (2, 150.00, 5.00, '2025-02-08 09:10:00', 'a4c31267-08c3-4b1e-bb0b-7621be84e4a1'),
       (3, 200.00, 5.00, '2025-02-08 09:20:00', 'f1b7a73b-07f3-46de-a89f-79f3038ecfd2'),
       (4, 250.00, 5.00, '2025-02-08 09:30:00', 'b0b21ecb-7315-4d79-92b4-601537f32e12'),
       (5, 300.00, 5.00, '2025-02-08 09:40:00', 'c3f1b893-9b42-41a3-872d-b59b9b5f6d9d'),
       (6, 350.00, 5.00, '2025-02-08 09:50:00', 'a7d9bb4d-8d4e-40b2-90d5-7fc39a1f1a24'),
       (7, 400.00, 5.00, '2025-02-08 10:00:00', 'e4f0de5b-6cfc-4cf0-b382-4a4cbbd1e79b'),
       (8, 450.00, 5.00, '2025-02-08 10:10:00', '5f4bd898-f7b5-40b5-b02e-c4e9429798f3'),
       (9, 500.00, 5.00, '2025-02-08 10:20:00', 'c7c1f991-3d97-4c55-8713-f51fd2c9e285'),
       (10, 550.00, 5.00, '2025-02-08 10:30:00', 'b3d9f59f-2d6c-471d-b77b-9d515e9fd8f7'),
       (11, 600.00, 5.00, '2025-02-08 10:40:00', '5dcb1738-95ea-42c3-b5a5-dc54b8b4f6b9'),
       (12, 650.00, 5.00, '2025-02-08 10:50:00', 'a2c541fb-7f41-4a6b-88cf-c73dbb8e7921'),
       (13, 700.00, 5.00, '2025-02-08 11:00:00', 'f04f349e-9b63-42d4-98b7-83f907b71eac');

INSERT INTO `utilisateur` (`date_naissance_d`, `horodatage_creation_tt`, `id_utilisateur_p_c_a`, `Statut_I`, `email_vc`,
                           `genre_vc`, `mot_de_passe_vc`, `nom_vc`, `prenom_vc`)
VALUES ('1998-12-21', '2025-01-21 20:10:09.296012', 'c40f12cc-fa51-441a-b472-827d62bfee0a', 0, 'jean.mire@gmail.com',
        'Homme', '$2a$10$FIIvWK02bhTLNZWWxhKKl.wsytyDYeBTut4maZS4CoDSQbVykn9Gm', 'Mire', 'Jean'),
       ('1998-12-21', '2025-01-22 09:07:31.705406', '10c44cbc-f18a-43ca-9c28-7767d8027111', 0, 'admin.root@gmail.com',
        'Homme', '$2a$10$FIIvWK02bhTLNZWWxhKKl.wsytyDYeBTut4maZS4CoDSQbVykn9Gm', 'Root', 'Admin');

INSERT INTO `client` (`horodatage_derniere_connection_tt`, `id_utilisateur_p_c_a`, `client_photo_reference_vc`,
                      `numero_telephone_vc`, `pseudo_vc`)
VALUES ('2025-01-21 20:04:28.517000', 'c40f12cc-fa51-441a-b472-827d62bfee0a', '/client/{id}/image.png',
        '06.00.00.00.00', 'Le_Bon_Vivant');

INSERT INTO `employe` (`Role_I`, `Id_Utilisateur_P_C_A`, `Photo_Reference_VC`)
VALUES (0, '10c44cbc-f18a-43ca-9c28-7767d8027111', '/utilisateur/{id}/image.png');

INSERT INTO `adresse` (`code_commune_n`, `code_postal_n`, `horodatage_ajout_tt`, `id_adresse_p_c_a`, `id_client_f_c`,
                       `nom_rue_vc`, `nom_ville_vc`, `numero_appartement_n`, `numero_batiment_vc`, `Statut_I`)
VALUES ('54395', '0', '2025-01-23 22:53:54.925682', '16b263bd-56a3-458d-8bbf-235f42b2d669',
        'c40f12cc-fa51-441a-b472-827d62bfee0a', 'Rue des chamaux', 'Nancy', '31', '69', 0);